Workbook

Sheet Inicio
B1: INVENTARIO Y COMPRAS PARA PYMES
B2: Registra productos, compras y ventas. El Excel calcula automáticamente stock, entradas, salidas y alertas.
C4: Promesa de la plantilla
C5: Controla tu inventario, registra compras y salidas, y conoce automáticamente tu stock disponible.
C9: Paso | D9: Hoja | E9: Qué hace | G9: Idea clave
C10: 1 | D10: Productos | E10: Registra código, descripción, categoría, proveedor, stock mínimo y stock inicial. | G10: La persona solo rellena Productos, Compras Entradas y Ventas Salidas. El inventario se calcula solo con la fórmula: Stock actual = Stock inicial + Entradas - Salidas.
C11: 2 | D11: Compras Entradas | E11: Anota cada compra o entrada de mercadería.
C12: 3 | D12: Ventas Salidas | E12: Anota cada venta, merma, muestra o salida de inventario.
C13: 4 | D13: Inventario | E13: Revisa stock actual, entradas, salidas y alertas automáticas.
C14: 5 | D14: Dashboard | E14: Visualiza productos críticos, stock total y movimientos.

Sheet Dashboard
A1: DASHBOARD INVENTARIO PYME
A2: Visualiza stock total, productos críticos, entradas, salidas y categorías de inventario.
A4: Total productos | D4: Stock total | G4: Bajo stock | J4: Sin stock | N4: Uso recomendado: primero registra productos, luego entradas/compras y salidas/ventas. El inventario se actualiza automáticamente por código de producto.
A5: =COUNTIF(Inventario!A5:A504,"?*") -> 10 | D5: =SUMIF(Inventario!A5:A504,"?*",Inventario!I5:I504) -> 135 | G5: =COUNTIF(Inventario!J5:J504,"Bajo stock") -> 0 | J5: =COUNTIF(Inventario!J5:J504,"Sin stock") -> 1
A8: Unidades entradas | D8: Unidades salidas | G8: Monto comprado | J8: Productos OK
A9: =SUMIF(Inventario!A5:A504,"?*",Inventario!G5:G504) -> 53 | D9: =SUMIF(Inventario!A5:A504,"?*",Inventario!H5:H504) -> 35 | G9: =SUM('Compras Entradas'!G5:G504) -> 221900 | J9: =COUNTIF(Inventario!J5:J504,"OK") -> 9
A12: Categoría | B12: Stock | C12: Productos | E12: Movimiento | F12: Unidades
A13: Anillos | B13: =SUMIF(Inventario!C5:C504,A13,Inventario!I5:I504) -> 63 | C13: =COUNTIF(Inventario!C5:C504,A13) -> 5 | E13: Entradas | F13: =SUM(Inventario!G5:G504) -> 53
A14: Pulseras | B14: =SUMIF(Inventario!C5:C504,A14,Inventario!I5:I504) -> 25 | C14: =COUNTIF(Inventario!C5:C504,A14) -> 2 | E14: Salidas | F14: =SUM(Inventario!H5:H504) -> 35
A15: Pendientes | B15: =SUMIF(Inventario!C5:C504,A15,Inventario!I5:I504) -> 47 | C15: =COUNTIF(Inventario!C5:C504,A15) -> 3 | E15: Stock actual | F15: =SUM(Inventario!I5:I504) -> 135
A16: Otros | B16: =SUMIFS(Inventario!I5:I504,Inventario!C5:C504,"<>Anillos",Inventario!C5:C504,"<>Pulseras",Inventario!C5:C504,"<>Pendientes") -> 0 | C16: =COUNTIFS(Inventario!C5:C504,"<>Anillos",Inventario!C5:C504,"<>Pulseras",Inventario!C5:C504,"<>Pendientes",Inventario!A5:A504,"?*") -> 0
A18: PRODUCTOS CRÍTICOS
A19: Código | B19: Descripción | C19: Stock mín. | D19: Stock actual | E19: Estado | F19: Acción
A20: =IFERROR(INDEX(Inventario!$A$5:$A$504,MATCH(1,Inventario!$M$5:$M$504,0)),"") -> AN002 | B20: =IFERROR(INDEX(Inventario!$B$5:$B$504,MATCH(1,Inventario!$M$5:$M$504,0)),"") -> Anillo venus plata | C20: =IFERROR(INDEX(Inventario!$E$5:$E$504,MATCH(1,Inventario!$M$5:$M$504,0)),"") -> 5 | D20: =IFERROR(INDEX(Inventario!$I$5:$I$504,MATCH(1,Inventario!$M$5:$M$504,0)),"") -> 0 | E20: =IFERROR(INDEX(Inventario!$J$5:$J$504,MATCH(1,Inventario!$M$5:$M$504,0)),"") -> Sin stock | F20: =IFERROR(INDEX(Inventario!$K$5:$K$504,MATCH(1,Inventario!$M$5:$M$504,0)),"") -> Comprar urgente
A21: =IFERROR(INDEX(Inventario!$A$5:$A$504,MATCH(2,Inventario!$M$5:$M$504,0)),"") | B21: =IFERROR(INDEX(Inventario!$B$5:$B$504,MATCH(2,Inventario!$M$5:$M$504,0)),"") | C21: =IFERROR(INDEX(Inventario!$E$5:$E$504,MATCH(2,Inventario!$M$5:$M$504,0)),"") | D21: =IFERROR(INDEX(Inventario!$I$5:$I$504,MATCH(2,Inventario!$M$5:$M$504,0)),"") | E21: =IFERROR(INDEX(Inventario!$J$5:$J$504,MATCH(2,Inventario!$M$5:$M$504,0)),"") | F21: =IFERROR(INDEX(Inventario!$K$5:$K$504,MATCH(2,Inventario!$M$5:$M$504,0)),"")
A22: =IFERROR(INDEX(Inventario!$A$5:$A$504,MATCH(3,Inventario!$M$5:$M$504,0)),"") | B22: =IFERROR(INDEX(Inventario!$B$5:$B$504,MATCH(3,Inventario!$M$5:$M$504,0)),"") | C22: =IFERROR(INDEX(Inventario!$E$5:$E$504,MATCH(3,Inventario!$M$5:$M$504,0)),"") | D22: =IFERROR(INDEX(Inventario!$I$5:$I$504,MATCH(3,Inventario!$M$5:$M$504,0)),"") | E22: =IFERROR(INDEX(Inventario!$J$5:$J$504,MATCH(3,Inventario!$M$5:$M$504,0)),"") | F22: =IFERROR(INDEX(Inventario!$K$5:$K$504,MATCH(3,Inventario!$M$5:$M$504,0)),"")
A23: =IFERROR(INDEX(Inventario!$A$5:$A$504,MATCH(4,Inventario!$M$5:$M$504,0)),"") | B23: =IFERROR(INDEX(Inventario!$B$5:$B$504,MATCH(4,Inventario!$M$5:$M$504,0)),"") | C23: =IFERROR(INDEX(Inventario!$E$5:$E$504,MATCH(4,Inventario!$M$5:$M$504,0)),"") | D23: =IFERROR(INDEX(Inventario!$I$5:$I$504,MATCH(4,Inventario!$M$5:$M$504,0)),"") | E23: =IFERROR(INDEX(Inventario!$J$5:$J$504,MATCH(4,Inventario!$M$5:$M$504,0)),"") | F23: =IFERROR(INDEX(Inventario!$K$5:$K$504,MATCH(4,Inventario!$M$5:$M$504,0)),"")
A24: =IFERROR(INDEX(Inventario!$A$5:$A$504,MATCH(5,Inventario!$M$5:$M$504,0)),"") | B24: =IFERROR(INDEX(Inventario!$B$5:$B$504,MATCH(5,Inventario!$M$5:$M$504,0)),"") | C24: =IFERROR(INDEX(Inventario!$E$5:$E$504,MATCH(5,Inventario!$M$5:$M$504,0)),"") | D24: =IFERROR(INDEX(Inventario!$I$5:$I$504,MATCH(5,Inventario!$M$5:$M$504,0)),"") | E24: =IFERROR(INDEX(Inventario!$J$5:$J$504,MATCH(5,Inventario!$M$5:$M$504,0)),"") | F24: =IFERROR(INDEX(Inventario!$K$5:$K$504,MATCH(5,Inventario!$M$5:$M$504,0)),"")
A25: =IFERROR(INDEX(Inventario!$A$5:$A$504,MATCH(6,Inventario!$M$5:$M$504,0)),"") | B25: =IFERROR(INDEX(Inventario!$B$5:$B$504,MATCH(6,Inventario!$M$5:$M$504,0)),"") | C25: =IFERROR(INDEX(Inventario!$E$5:$E$504,MATCH(6,Inventario!$M$5:$M$504,0)),"") | D25: =IFERROR(INDEX(Inventario!$I$5:$I$504,MATCH(6,Inventario!$M$5:$M$504,0)),"") | E25: =IFERROR(INDEX(Inventario!$J$5:$J$504,MATCH(6,Inventario!$M$5:$M$504,0)),"") | F25: =IFERROR(INDEX(Inventario!$K$5:$K$504,MATCH(6,Inventario!$M$5:$M$504,0)),"")
A26: =IFERROR(INDEX(Inventario!$A$5:$A$504,MATCH(7,Inventario!$M$5:$M$504,0)),"") | B26: =IFERROR(INDEX(Inventario!$B$5:$B$504,MATCH(7,Inventario!$M$5:$M$504,0)),"") | C26: =IFERROR(INDEX(Inventario!$E$5:$E$504,MATCH(7,Inventario!$M$5:$M$504,0)),"") | D26: =IFERROR(INDEX(Inventario!$I$5:$I$504,MATCH(7,Inventario!$M$5:$M$504,0)),"") | E26: =IFERROR(INDEX(Inventario!$J$5:$J$504,MATCH(7,Inventario!$M$5:$M$504,0)),"") | F26: =IFERROR(INDEX(Inventario!$K$5:$K$504,MATCH(7,Inventario!$M$5:$M$504,0)),"")
A27: =IFERROR(INDEX(Inventario!$A$5:$A$504,MATCH(8,Inventario!$M$5:$M$504,0)),"") | B27: =IFERROR(INDEX(Inventario!$B$5:$B$504,MATCH(8,Inventario!$M$5:$M$504,0)),"") | C27: =IFERROR(INDEX(Inventario!$E$5:$E$504,MATCH(8,Inventario!$M$5:$M$504,0)),"") | D27: =IFERROR(INDEX(Inventario!$I$5:$I$504,MATCH(8,Inventario!$M$5:$M$504,0)),"") | E27: =IFERROR(INDEX(Inventario!$J$5:$J$504,MATCH(8,Inventario!$M$5:$M$504,0)),"") | F27: =IFERROR(INDEX(Inventario!$K$5:$K$504,MATCH(8,Inventario!$M$5:$M$504,0)),"")
A28: =IFERROR(INDEX(Inventario!$A$5:$A$504,MATCH(9,Inventario!$M$5:$M$504,0)),"") | B28: =IFERROR(INDEX(Inventario!$B$5:$B$504,MATCH(9,Inventario!$M$5:$M$504,0)),"") | C28: =IFERROR(INDEX(Inventario!$E$5:$E$504,MATCH(9,Inventario!$M$5:$M$504,0)),"") | D28: =IFERROR(INDEX(Inventario!$I$5:$I$504,MATCH(9,Inventario!$M$5:$M$504,0)),"") | E28: =IFERROR(INDEX(Inventario!$J$5:$J$504,MATCH(9,Inventario!$M$5:$M$504,0)),"") | F28: =IFERROR(INDEX(Inventario!$K$5:$K$504,MATCH(9,Inventario!$M$5:$M$504,0)),"")
A29: =IFERROR(INDEX(Inventario!$A$5:$A$504,MATCH(10,Inventario!$M$5:$M$504,0)),"") | B29: =IFERROR(INDEX(Inventario!$B$5:$B$504,MATCH(10,Inventario!$M$5:$M$504,0)),"") | C29: =IFERROR(INDEX(Inventario!$E$5:$E$504,MATCH(10,Inventario!$M$5:$M$504,0)),"") | D29: =IFERROR(INDEX(Inventario!$I$5:$I$504,MATCH(10,Inventario!$M$5:$M$504,0)),"") | E29: =IFERROR(INDEX(Inventario!$J$5:$J$504,MATCH(10,Inventario!$M$5:$M$504,0)),"") | F29: =IFERROR(INDEX(Inventario!$K$5:$K$504,MATCH(10,Inventario!$M$5:$M$504,0)),"")
A30: =IFERROR(INDEX(Inventario!$A$5:$A$504,MATCH(11,Inventario!$M$5:$M$504,0)),"") | B30: =IFERROR(INDEX(Inventario!$B$5:$B$504,MATCH(11,Inventario!$M$5:$M$504,0)),"") | C30: =IFERROR(INDEX(Inventario!$E$5:$E$504,MATCH(11,Inventario!$M$5:$M$504,0)),"") | D30: =IFERROR(INDEX(Inventario!$I$5:$I$504,MATCH(11,Inventario!$M$5:$M$504,0)),"") | E30: =IFERROR(INDEX(Inventario!$J$5:$J$504,MATCH(11,Inventario!$M$5:$M$504,0)),"") | F30: =IFERROR(INDEX(Inventario!$K$5:$K$504,MATCH(11,Inventario!$M$5:$M$504,0)),"")
A31: =IFERROR(INDEX(Inventario!$A$5:$A$504,MATCH(12,Inventario!$M$5:$M$504,0)),"") | B31: =IFERROR(INDEX(Inventario!$B$5:$B$504,MATCH(12,Inventario!$M$5:$M$504,0)),"") | C31: =IFERROR(INDEX(Inventario!$E$5:$E$504,MATCH(12,Inventario!$M$5:$M$504,0)),"") | D31: =IFERROR(INDEX(Inventario!$I$5:$I$504,MATCH(12,Inventario!$M$5:$M$504,0)),"") | E31: =IFERROR(INDEX(Inventario!$J$5:$J$504,MATCH(12,Inventario!$M$5:$M$504,0)),"") | F31: =IFERROR(INDEX(Inventario!$K$5:$K$504,MATCH(12,Inventario!$M$5:$M$504,0)),"")

Sheet Productos
A1: PRODUCTOS
A2: Registra tus productos. Estos códigos alimentan las listas desplegables de compras y salidas.
A4: Código producto | B4: Descripción | C4: Categoría | D4: Proveedor | E4: Stock mínimo | F4: Stock inicial | G4: Costo referencia | H4: Ubicación | I4: Nota
A5: AN001 | B5: Anillo luna plata | C5: Anillos | D5: Proveedor A | E5: 5 | F5: 20 | G5: 3500 | H5: Caja A1
A6: AN002 | B6: Anillo venus plata | C6: Anillos | D6: Proveedor A | E6: 5 | F6: 15 | G6: 3200 | H6: Caja A1
A7: AN003 | B7: Anillo marte oro | C7: Anillos | D7: Proveedor B | E7: 4 | F7: 12 | G7: 5200 | H7: Caja A2
A8: PU001 | B8: Pulsera rubí plata | C8: Pulseras | D8: Proveedor B | E8: 3 | F8: 10 | G8: 4300 | H8: Caja B1
A9: PU002 | B9: Pulsera rubí oro | C9: Pulseras | D9: Proveedor B | E9: 3 | F9: 8 | G9: 4800 | H9: Caja B1
A10: PE001 | B10: Pendientes rubí plata | C10: Pendientes | D10: Proveedor C | E10: 4 | F10: 18 | G10: 3000 | H10: Caja C1
A11: PE002 | B11: Pendientes camee vermeil | C11: Pendientes | D11: Proveedor C | E11: 4 | F11: 11 | G11: 3400 | H11: Caja C1
A12: PE003 | B12: Pendientes ídolo oro rosa | C12: Pendientes | D12: Proveedor C | E12: 4 | F12: 0 | G12: 5000 | H12: Caja C2
A13: AN004 | B13: Anillo tierra plata | C13: Anillos | D13: Proveedor A | E13: 5 | F13: 14 | G13: 3600 | H13: Caja A3
A14: AN005 | B14: Anillo cielo plata | C14: Anillos | D14: Proveedor A | E14: 5 | F14: 9 | G14: 3300 | H14: Caja A3

Sheet Compras Entradas
A1: COMPRAS / ENTRADAS
A2: Registra compras, reposiciones o cualquier entrada de mercadería.
A4: N° factura | B4: Fecha | C4: Código producto | D4: Descripción | E4: Cantidad | F4: Costo unitario | G4: Total compra | H4: Proveedor | I4: Nota
A5: F-1001 | B5: =DATE(2026,1,26) -> 46048 | C5: PE003 | D5: =IF(C5="","",IFERROR(VLOOKUP(C5,Productos!$A$5:$I$504,2,FALSE()),"Revisar código")) -> Pendientes ídolo oro rosa | E5: 20 | F5: 5000 | G5: =IF(OR(E5="",F5=""),"",E5*F5) -> 100000 | H5: Proveedor C | I5: Reposición inicial
A6: F-1002 | B6: =DATE(2026,2,10) -> 46063 | C6: AN001 | D6: =IF(C6="","",IFERROR(VLOOKUP(C6,Productos!$A$5:$I$504,2,FALSE()),"Revisar código")) -> Anillo luna plata | E6: 15 | F6: 3500 | G6: =IF(OR(E6="",F6=""),"",E6*F6) -> 52500 | H6: Proveedor A
A7: F-1003 | B7: =DATE(2026,3,14) -> 46095 | C7: PU001 | D7: =IF(C7="","",IFERROR(VLOOKUP(C7,Productos!$A$5:$I$504,2,FALSE()),"Revisar código")) -> Pulsera rubí plata | E7: 10 | F7: 4300 | G7: =IF(OR(E7="",F7=""),"",E7*F7) -> 43000 | H7: Proveedor B
A8: F-1004 | B8: =DATE(2026,3,20) -> 46101 | C8: AN005 | D8: =IF(C8="","",IFERROR(VLOOKUP(C8,Productos!$A$5:$I$504,2,FALSE()),"Revisar código")) -> Anillo cielo plata | E8: 8 | F8: 3300 | G8: =IF(OR(E8="",F8=""),"",E8*F8) -> 26400 | H8: Proveedor A
D9: =IF(C9="","",IFERROR(VLOOKUP(C9,Productos!$A$5:$I$504,2,FALSE()),"Revisar código")) | G9: =IF(OR(E9="",F9=""),"",E9*F9)
D10: =IF(C10="","",IFERROR(VLOOKUP(C10,Productos!$A$5:$I$504,2,FALSE()),"Revisar código")) | G10: =IF(OR(E10="",F10=""),"",E10*F10)
D11: =IF(C11="","",IFERROR(VLOOKUP(C11,Productos!$A$5:$I$504,2,FALSE()),"Revisar código")) | G11: =IF(OR(E11="",F11=""),"",E11*F11)
D12: =IF(C12="","",IFERROR(VLOOKUP(C12,Productos!$A$5:$I$504,2,FALSE()),"Revisar código")) | G12: =IF(OR(E12="",F12=""),"",E12*F12)
D13: =IF(C13="","",IFERROR(VLOOKUP(C13,Productos!$A$5:$I$504,2,FALSE()),"Revisar código")) | G13: =IF(OR(E13="",F13=""),"",E13*F13)
D14: =IF(C14="","",IFERROR(VLOOKUP(C14,Productos!$A$5:$I$504,2,FALSE()),"Revisar código")) | G14: =IF(OR(E14="",F14=""),"",E14*F14)
D15: =IF(C15="","",IFERROR(VLOOKUP(C15,Productos!$A$5:$I$504,2,FALSE()),"Revisar código")) | G15: =IF(OR(E15="",F15=""),"",E15*F15)
D16: =IF(C16="","",IFERROR(VLOOKUP(C16,Productos!$A$5:$I$504,2,FALSE()),"Revisar código")) | G16: =IF(OR(E16="",F16=""),"",E16*F16)
D17: =IF(C17="","",IFERROR(VLOOKUP(C17,Productos!$A$5:$I$504,2,FALSE()),"Revisar código")) | G17: =IF(OR(E17="",F17=""),"",E17*F17)
D18: =IF(C18="","",IFERROR(VLOOKUP(C18,Productos!$A$5:$I$504,2,FALSE()),"Revisar código")) | G18: =IF(OR(E18="",F18=""),"",E18*F18)
D19: =IF(C19="","",IFERROR(VLOOKUP(C19,Productos!$A$5:$I$504,2,FALSE()),"Revisar código")) | G19: =IF(OR(E19="",F19=""),"",E19*F19)
D20: =IF(C20="","",IFERROR(VLOOKUP(C20,Productos!$A$5:$I$504,2,FALSE()),"Revisar código")) | G20: =IF(OR(E20="",F20=""),"",E20*F20)
... D504: =IF(C504="","",IFERROR(VLOOKUP(C504,Productos!$A$5:$I$504,2,FALSE()),"Revisar código")) | G504: =IF(OR(E504="",F504=""),"",E504*F504)
D505: =IF(C505="","",IFERROR(VLOOKUP(C505,Productos!$A$5:$I$204,2,FALSE()),"Revisar código")) | G505: =IF(OR(E505="",F505=""),"",E505*F505)
D506: =IF(C506="","",IFERROR(VLOOKUP(C506,Productos!$A$5:$I$204,2,FALSE()),"Revisar código")) | G506: =IF(OR(E506="",F506=""),"",E506*F506)
D507: =IF(C507="","",IFERROR(VLOOKUP(C507,Productos!$A$5:$I$204,2,FALSE()),"Revisar código")) | G507: =IF(OR(E507="",F507=""),"",E507*F507)
D508: =IF(C508="","",IFERROR(VLOOKUP(C508,Productos!$A$5:$I$204,2,FALSE()),"Revisar código")) | G508: =IF(OR(E508="",F508=""),"",E508*F508)
D509: =IF(C509="","",IFERROR(VLOOKUP(C509,Productos!$A$5:$I$204,2,FALSE()),"Revisar código")) | G509: =IF(OR(E509="",F509=""),"",E509*F509)
D510: =IF(C510="","",IFERROR(VLOOKUP(C510,Productos!$A$5:$I$204,2,FALSE()),"Revisar código")) | G510: =IF(OR(E510="",F510=""),"",E510*F510)
D511: =IF(C511="","",IFERROR(VLOOKUP(C511,Productos!$A$5:$I$204,2,FALSE()),"Revisar código")) | G511: =IF(OR(E511="",F511=""),"",E511*F511)
D512: =IF(C512="","",IFERROR(VLOOKUP(C512,Productos!$A$5:$I$204,2,FALSE()),"Revisar código")) | G512: =IF(OR(E512="",F512=""),"",E512*F512)
D513: =IF(C513="","",IFERROR(VLOOKUP(C513,Productos!$A$5:$I$204,2,FALSE()),"Revisar código")) | G513: =IF(OR(E513="",F513=""),"",E513*F513)
D514: =IF(C514="","",IFERROR(VLOOKUP(C514,Productos!$A$5:$I$204,2,FALSE()),"Revisar código")) | G514: =IF(OR(E514="",F514=""),"",E514*F514)
D515: =IF(C515="","",IFERROR(VLOOKUP(C515,Productos!$A$5:$I$204,2,FALSE()),"Revisar código")) | G515: =IF(OR(E515="",F515=""),"",E515*F515)
D516: =IF(C516="","",IFERROR(VLOOKUP(C516,Productos!$A$5:$I$204,2,FALSE()),"Revisar código")) | G516: =IF(OR(E516="",F516=""),"",E516*F516)
... D604: =IF(C604="","",IFERROR(VLOOKUP(C604,Productos!$A$5:$I$204,2,FALSE()),"Revisar código")) | G604: =IF(OR(E604="",F604=""),"",E604*F604)

Sheet Ventas Salidas
A1: VENTAS / SALIDAS
A2: Registra ventas, mermas, muestras, devoluciones o cualquier salida de inventario.
A4: N° documento | B4: Fecha | C4: Código producto | D4: Descripción | E4: Cantidad | F4: Motivo | G4: Cliente / destino | H4: Responsable | I4: Nota
A5: V-2001 | B5: =DATE(2026,1,28) -> 46050 | C5: AN001 | D5: =IF(C5="","",IFERROR(VLOOKUP(C5,Productos!$A$5:$I$504,2,FALSE()),"Revisar código")) -> Anillo luna plata | E5: 5 | F5: Venta | G5: Cliente A | H5: Vendedor 1
A6: V-2002 | B6: =DATE(2026,2,12) -> 46065 | C6: PE003 | D6: =IF(C6="","",IFERROR(VLOOKUP(C6,Productos!$A$5:$I$504,2,FALSE()),"Revisar código")) -> Pendientes ídolo oro rosa | E6: 2 | F6: Venta | G6: Cliente B | H6: Vendedor 1
A7: V-2003 | B7: =DATE(2026,2,15) -> 46068 | C7: AN002 | D7: =IF(C7="","",IFERROR(VLOOKUP(C7,Productos!$A$5:$I$504,2,FALSE()),"Revisar código")) -> Anillo venus plata | E7: 15 | F7: Venta | G7: Cliente C | H7: Vendedor 2
A8: V-2004 | B8: =DATE(2026,3,22) -> 46103 | C8: PU001 | D8: =IF(C8="","",IFERROR(VLOOKUP(C8,Productos!$A$5:$I$504,2,FALSE()),"Revisar código")) -> Pulsera rubí plata | E8: 3 | F8: Muestra | G8: Feria | H8: Vendedor 2
A9: V-2005 | B9: =DATE(2026,4,5) -> 46117 | C9: AN005 | D9: =IF(C9="","",IFERROR(VLOOKUP(C9,Productos!$A$5:$I$504,2,FALSE()),"Revisar código")) -> Anillo cielo plata | E9: 10 | F9: Venta | G9: Cliente D | H9: Vendedor 1
D10: =IF(C10="","",IFERROR(VLOOKUP(C10,Productos!$A$5:$I$504,2,FALSE()),"Revisar código"))
D11: =IF(C11="","",IFERROR(VLOOKUP(C11,Productos!$A$5:$I$504,2,FALSE()),"Revisar código"))
D12: =IF(C12="","",IFERROR(VLOOKUP(C12,Productos!$A$5:$I$504,2,FALSE()),"Revisar código"))
D13: =IF(C13="","",IFERROR(VLOOKUP(C13,Productos!$A$5:$I$504,2,FALSE()),"Revisar código"))
D14: =IF(C14="","",IFERROR(VLOOKUP(C14,Productos!$A$5:$I$504,2,FALSE()),"Revisar código"))
D15: =IF(C15="","",IFERROR(VLOOKUP(C15,Productos!$A$5:$I$504,2,FALSE()),"Revisar código"))
D16: =IF(C16="","",IFERROR(VLOOKUP(C16,Productos!$A$5:$I$504,2,FALSE()),"Revisar código"))
D17: =IF(C17="","",IFERROR(VLOOKUP(C17,Productos!$A$5:$I$504,2,FALSE()),"Revisar código"))
D18: =IF(C18="","",IFERROR(VLOOKUP(C18,Productos!$A$5:$I$504,2,FALSE()),"Revisar código"))
D19: =IF(C19="","",IFERROR(VLOOKUP(C19,Productos!$A$5:$I$504,2,FALSE()),"Revisar código"))
D20: =IF(C20="","",IFERROR(VLOOKUP(C20,Productos!$A$5:$I$504,2,FALSE()),"Revisar código"))
D21: =IF(C21="","",IFERROR(VLOOKUP(C21,Productos!$A$5:$I$504,2,FALSE()),"Revisar código"))
... D504: =IF(C504="","",IFERROR(VLOOKUP(C504,Productos!$A$5:$I$504,2,FALSE()),"Revisar código"))
D505: =IF(C505="","",IFERROR(VLOOKUP(C505,Productos!$A$5:$I$204,2,FALSE()),"Revisar código"))
D506: =IF(C506="","",IFERROR(VLOOKUP(C506,Productos!$A$5:$I$204,2,FALSE()),"Revisar código"))
D507: =IF(C507="","",IFERROR(VLOOKUP(C507,Productos!$A$5:$I$204,2,FALSE()),"Revisar código"))
D508: =IF(C508="","",IFERROR(VLOOKUP(C508,Productos!$A$5:$I$204,2,FALSE()),"Revisar código"))
D509: =IF(C509="","",IFERROR(VLOOKUP(C509,Productos!$A$5:$I$204,2,FALSE()),"Revisar código"))
D510: =IF(C510="","",IFERROR(VLOOKUP(C510,Productos!$A$5:$I$204,2,FALSE()),"Revisar código"))
D511: =IF(C511="","",IFERROR(VLOOKUP(C511,Productos!$A$5:$I$204,2,FALSE()),"Revisar código"))
D512: =IF(C512="","",IFERROR(VLOOKUP(C512,Productos!$A$5:$I$204,2,FALSE()),"Revisar código"))
D513: =IF(C513="","",IFERROR(VLOOKUP(C513,Productos!$A$5:$I$204,2,FALSE()),"Revisar código"))
D514: =IF(C514="","",IFERROR(VLOOKUP(C514,Productos!$A$5:$I$204,2,FALSE()),"Revisar código"))
D515: =IF(C515="","",IFERROR(VLOOKUP(C515,Productos!$A$5:$I$204,2,FALSE()),"Revisar código"))
D516: =IF(C516="","",IFERROR(VLOOKUP(C516,Productos!$A$5:$I$204,2,FALSE()),"Revisar código"))
... D604: =IF(C604="","",IFERROR(VLOOKUP(C604,Productos!$A$5:$I$204,2,FALSE()),"Revisar código"))

Sheet Inventario
A1: INVENTARIO ACTUAL
A2: Stock actualizado automáticamente desde productos, compras y salidas.
A4: Código producto | B4: Descripción | C4: Categoría | D4: Proveedor | E4: Stock mínimo | F4: Stock inicial | G4: Entradas | H4: Salidas | I4: Stock actual | J4: Estado | K4: Acción sugerida | M4: _rank_critico
A5: =IF(Productos!A5="","",Productos!A5) -> AN001 | B5: =IF(Productos!A5="","",Productos!B5) -> Anillo luna plata | C5: =IF(Productos!A5="","",Productos!C5) -> Anillos | D5: =IF(Productos!A5="","",Productos!D5) -> Proveedor A | E5: =IF(Productos!A5="","",Productos!E5) -> 5 | F5: =IF(Productos!A5="","",Productos!F5) -> 20 | G5: =IF(A5="","",SUMIF('Compras Entradas'!$C$5:$C$504,A5,'Compras Entradas'!$E$5:$E$504)) -> 15 | H5: =IF(A5="","",SUMIF('Ventas Salidas'!$C$5:$C$504,A5,'Ventas Salidas'!$E$5:$E$504)) -> 5 | I5: =IF(A5="","",F5+G5-H5) -> 30 | J5: =IF(A5="","",IF(I5<=0,"Sin stock",IF(I5<E5,"Bajo stock","OK"))) -> OK | K5: =IF(A5="","",IF(I5<=0,"Comprar urgente",IF(I5<E5,"Reponer pronto","Stock suficiente"))) -> Stock suficiente | M5: =IF(A5="","",IF(OR(J5="Bajo stock",J5="Sin stock"),COUNTIFS($J$5:$J5,"Bajo stock")+COUNTIFS($J$5:$J5,"Sin stock"),""))
A6: =IF(Productos!A6="","",Productos!A6) -> AN002 | B6: =IF(Productos!A6="","",Productos!B6) -> Anillo venus plata | C6: =IF(Productos!A6="","",Productos!C6) -> Anillos | D6: =IF(Productos!A6="","",Productos!D6) -> Proveedor A | E6: =IF(Productos!A6="","",Productos!E6) -> 5 | F6: =IF(Productos!A6="","",Productos!F6) -> 15 | G6: =IF(A6="","",SUMIF('Compras Entradas'!$C$5:$C$504,A6,'Compras Entradas'!$E$5:$E$504)) -> 0 | H6: =IF(A6="","",SUMIF('Ventas Salidas'!$C$5:$C$504,A6,'Ventas Salidas'!$E$5:$E$504)) -> 15 | I6: =IF(A6="","",F6+G6-H6) -> 0 | J6: =IF(A6="","",IF(I6<=0,"Sin stock",IF(I6<E6,"Bajo stock","OK"))) -> Sin stock | K6: =IF(A6="","",IF(I6<=0,"Comprar urgente",IF(I6<E6,"Reponer pronto","Stock suficiente"))) -> Comprar urgente | M6: =IF(A6="","",IF(OR(J6="Bajo stock",J6="Sin stock"),COUNTIFS($J$5:$J6,"Bajo stock")+COUNTIFS($J$5:$J6,"Sin stock"),"")) -> 1
A7: =IF(Productos!A7="","",Productos!A7) -> AN003 | B7: =IF(Productos!A7="","",Productos!B7) -> Anillo marte oro | C7: =IF(Productos!A7="","",Productos!C7) -> Anillos | D7: =IF(Productos!A7="","",Productos!D7) -> Proveedor B | E7: =IF(Productos!A7="","",Productos!E7) -> 4 | F7: =IF(Productos!A7="","",Productos!F7) -> 12 | G7: =IF(A7="","",SUMIF('Compras Entradas'!$C$5:$C$504,A7,'Compras Entradas'!$E$5:$E$504)) -> 0 | H7: =IF(A7="","",SUMIF('Ventas Salidas'!$C$5:$C$504,A7,'Ventas Salidas'!$E$5:$E$504)) -> 0 | I7: =IF(A7="","",F7+G7-H7) -> 12 | J7: =IF(A7="","",IF(I7<=0,"Sin stock",IF(I7<E7,"Bajo stock","OK"))) -> OK | K7: =IF(A7="","",IF(I7<=0,"Comprar urgente",IF(I7<E7,"Reponer pronto","Stock suficiente"))) -> Stock suficiente | M7: =IF(A7="","",IF(OR(J7="Bajo stock",J7="Sin stock"),COUNTIFS($J$5:$J7,"Bajo stock")+COUNTIFS($J$5:$J7,"Sin stock"),""))
A8: =IF(Productos!A8="","",Productos!A8) -> PU001 | B8: =IF(Productos!A8="","",Productos!B8) -> Pulsera rubí plata | C8: =IF(Productos!A8="","",Productos!C8) -> Pulseras | D8: =IF(Productos!A8="","",Productos!D8) -> Proveedor B | E8: =IF(Productos!A8="","",Productos!E8) -> 3 | F8: =IF(Productos!A8="","",Productos!F8) -> 10 | G8: =IF(A8="","",SUMIF('Compras Entradas'!$C$5:$C$504,A8,'Compras Entradas'!$E$5:$E$504)) -> 10 | H8: =IF(A8="","",SUMIF('Ventas Salidas'!$C$5:$C$504,A8,'Ventas Salidas'!$E$5:$E$504)) -> 3 | I8: =IF(A8="","",F8+G8-H8) -> 17 | J8: =IF(A8="","",IF(I8<=0,"Sin stock",IF(I8<E8,"Bajo stock","OK"))) -> OK | K8: =IF(A8="","",IF(I8<=0,"Comprar urgente",IF(I8<E8,"Reponer pronto","Stock suficiente"))) -> Stock suficiente | M8: =IF(A8="","",IF(OR(J8="Bajo stock",J8="Sin stock"),COUNTIFS($J$5:$J8,"Bajo stock")+COUNTIFS($J$5:$J8,"Sin stock"),""))
A9: =IF(Productos!A9="","",Productos!A9) -> PU002 | B9: =IF(Productos!A9="","",Productos!B9) -> Pulsera rubí oro | C9: =IF(Productos!A9="","",Productos!C9) -> Pulseras | D9: =IF(Productos!A9="","",Productos!D9) -> Proveedor B | E9: =IF(Productos!A9="","",Productos!E9) -> 3 | F9: =IF(Productos!A9="","",Productos!F9) -> 8 | G9: =IF(A9="","",SUMIF('Compras Entradas'!$C$5:$C$504,A9,'Compras Entradas'!$E$5:$E$504)) -> 0 | H9: =IF(A9="","",SUMIF('Ventas Salidas'!$C$5:$C$504,A9,'Ventas Salidas'!$E$5:$E$504)) -> 0 | I9: =IF(A9="","",F9+G9-H9) -> 8 | J9: =IF(A9="","",IF(I9<=0,"Sin stock",IF(I9<E9,"Bajo stock","OK"))) -> OK | K9: =IF(A9="","",IF(I9<=0,"Comprar urgente",IF(I9<E9,"Reponer pronto","Stock suficiente"))) -> Stock suficiente | M9: =IF(A9="","",IF(OR(J9="Bajo stock",J9="Sin stock"),COUNTIFS($J$5:$J9,"Bajo stock")+COUNTIFS($J$5:$J9,"Sin stock"),""))
A10: =IF(Productos!A10="","",Productos!A10) -> PE001 | B10: =IF(Productos!A10="","",Productos!B10) -> Pendientes rubí plata | C10: =IF(Productos!A10="","",Productos!C10) -> Pendientes | D10: =IF(Productos!A10="","",Productos!D10) -> Proveedor C | E10: =IF(Productos!A10="","",Productos!E10) -> 4 | F10: =IF(Productos!A10="","",Productos!F10) -> 18 | G10: =IF(A10="","",SUMIF('Compras Entradas'!$C$5:$C$504,A10,'Compras Entradas'!$E$5:$E$504)) -> 0 | H10: =IF(A10="","",SUMIF('Ventas Salidas'!$C$5:$C$504,A10,'Ventas Salidas'!$E$5:$E$504)) -> 0 | I10: =IF(A10="","",F10+G10-H10) -> 18 | J10: =IF(A10="","",IF(I10<=0,"Sin stock",IF(I10<E10,"Bajo stock","OK"))) -> OK | K10: =IF(A10="","",IF(I10<=0,"Comprar urgente",IF(I10<E10,"Reponer pronto","Stock suficiente"))) -> Stock suficiente | M10: =IF(A10="","",IF(OR(J10="Bajo stock",J10="Sin stock"),COUNTIFS($J$5:$J10,"Bajo stock")+COUNTIFS($J$5:$J10,"Sin stock"),""))
A11: =IF(Productos!A11="","",Productos!A11) -> PE002 | B11: =IF(Productos!A11="","",Productos!B11) -> Pendientes camee vermeil | C11: =IF(Productos!A11="","",Productos!C11) -> Pendientes | D11: =IF(Productos!A11="","",Productos!D11) -> Proveedor C | E11: =IF(Productos!A11="","",Productos!E11) -> 4 | F11: =IF(Productos!A11="","",Productos!F11) -> 11 | G11: =IF(A11="","",SUMIF('Compras Entradas'!$C$5:$C$504,A11,'Compras Entradas'!$E$5:$E$504)) -> 0 | H11: =IF(A11="","",SUMIF('Ventas Salidas'!$C$5:$C$504,A11,'Ventas Salidas'!$E$5:$E$504)) -> 0 | I11: =IF(A11="","",F11+G11-H11) -> 11 | J11: =IF(A11="","",IF(I11<=0,"Sin stock",IF(I11<E11,"Bajo stock","OK"))) -> OK | K11: =IF(A11="","",IF(I11<=0,"Comprar urgente",IF(I11<E11,"Reponer pronto","Stock suficiente"))) -> Stock suficiente | M11: =IF(A11="","",IF(OR(J11="Bajo stock",J11="Sin stock"),COUNTIFS($J$5:$J11,"Bajo stock")+COUNTIFS($J$5:$J11,"Sin stock"),""))
A12: =IF(Productos!A12="","",Productos!A12) -> PE003 | B12: =IF(Productos!A12="","",Productos!B12) -> Pendientes ídolo oro rosa | C12: =IF(Productos!A12="","",Productos!C12) -> Pendientes | D12: =IF(Productos!A12="","",Productos!D12) -> Proveedor C | E12: =IF(Productos!A12="","",Productos!E12) -> 4 | F12: =IF(Productos!A12="","",Productos!F12) -> 0 | G12: =IF(A12="","",SUMIF('Compras Entradas'!$C$5:$C$504,A12,'Compras Entradas'!$E$5:$E$504)) -> 20 | H12: =IF(A12="","",SUMIF('Ventas Salidas'!$C$5:$C$504,A12,'Ventas Salidas'!$E$5:$E$504)) -> 2 | I12: =IF(A12="","",F12+G12-H12) -> 18 | J12: =IF(A12="","",IF(I12<=0,"Sin stock",IF(I12<E12,"Bajo stock","OK"))) -> OK | K12: =IF(A12="","",IF(I12<=0,"Comprar urgente",IF(I12<E12,"Reponer pronto","Stock suficiente"))) -> Stock suficiente | M12: =IF(A12="","",IF(OR(J12="Bajo stock",J12="Sin stock"),COUNTIFS($J$5:$J12,"Bajo stock")+COUNTIFS($J$5:$J12,"Sin stock"),""))
A13: =IF(Productos!A13="","",Productos!A13) -> AN004 | B13: =IF(Productos!A13="","",Productos!B13) -> Anillo tierra plata | C13: =IF(Productos!A13="","",Productos!C13) -> Anillos | D13: =IF(Productos!A13="","",Productos!D13) -> Proveedor A | E13: =IF(Productos!A13="","",Productos!E13) -> 5 | F13: =IF(Productos!A13="","",Productos!F13) -> 14 | G13: =IF(A13="","",SUMIF('Compras Entradas'!$C$5:$C$504,A13,'Compras Entradas'!$E$5:$E$504)) -> 0 | H13: =IF(A13="","",SUMIF('Ventas Salidas'!$C$5:$C$504,A13,'Ventas Salidas'!$E$5:$E$504)) -> 0 | I13: =IF(A13="","",F13+G13-H13) -> 14 | J13: =IF(A13="","",IF(I13<=0,"Sin stock",IF(I13<E13,"Bajo stock","OK"))) -> OK | K13: =IF(A13="","",IF(I13<=0,"Comprar urgente",IF(I13<E13,"Reponer pronto","Stock suficiente"))) -> Stock suficiente | M13: =IF(A13="","",IF(OR(J13="Bajo stock",J13="Sin stock"),COUNTIFS($J$5:$J13,"Bajo stock")+COUNTIFS($J$5:$J13,"Sin stock"),""))
A14: =IF(Productos!A14="","",Productos!A14) -> AN005 | B14: =IF(Productos!A14="","",Productos!B14) -> Anillo cielo plata | C14: =IF(Productos!A14="","",Productos!C14) -> Anillos | D14: =IF(Productos!A14="","",Productos!D14) -> Proveedor A | E14: =IF(Productos!A14="","",Productos!E14) -> 5 | F14: =IF(Productos!A14="","",Productos!F14) -> 9 | G14: =IF(A14="","",SUMIF('Compras Entradas'!$C$5:$C$504,A14,'Compras Entradas'!$E$5:$E$504)) -> 8 | H14: =IF(A14="","",SUMIF('Ventas Salidas'!$C$5:$C$504,A14,'Ventas Salidas'!$E$5:$E$504)) -> 10 | I14: =IF(A14="","",F14+G14-H14) -> 7 | J14: =IF(A14="","",IF(I14<=0,"Sin stock",IF(I14<E14,"Bajo stock","OK"))) -> OK | K14: =IF(A14="","",IF(I14<=0,"Comprar urgente",IF(I14<E14,"Reponer pronto","Stock suficiente"))) -> Stock suficiente | M14: =IF(A14="","",IF(OR(J14="Bajo stock",J14="Sin stock"),COUNTIFS($J$5:$J14,"Bajo stock")+COUNTIFS($J$5:$J14,"Sin stock"),""))
A15: =IF(Productos!A15="","",Productos!A15) | B15: =IF(Productos!A15="","",Productos!B15) | C15: =IF(Productos!A15="","",Productos!C15) | D15: =IF(Productos!A15="","",Productos!D15) | E15: =IF(Productos!A15="","",Productos!E15) | F15: =IF(Productos!A15="","",Productos!F15) | G15: =IF(A15="","",SUMIF('Compras Entradas'!$C$5:$C$504,A15,'Compras Entradas'!$E$5:$E$504)) | H15: =IF(A15="","",SUMIF('Ventas Salidas'!$C$5:$C$504,A15,'Ventas Salidas'!$E$5:$E$504)) | I15: =IF(A15="","",F15+G15-H15) | J15: =IF(A15="","",IF(I15<=0,"Sin stock",IF(I15<E15,"Bajo stock","OK"))) | K15: =IF(A15="","",IF(I15<=0,"Comprar urgente",IF(I15<E15,"Reponer pronto","Stock suficiente"))) | M15: =IF(A15="","",IF(OR(J15="Bajo stock",J15="Sin stock"),COUNTIFS($J$5:$J15,"Bajo stock")+COUNTIFS($J$5:$J15,"Sin stock"),""))
A16: =IF(Productos!A16="","",Productos!A16) | B16: =IF(Productos!A16="","",Productos!B16) | C16: =IF(Productos!A16="","",Productos!C16) | D16: =IF(Productos!A16="","",Productos!D16) | E16: =IF(Productos!A16="","",Productos!E16) | F16: =IF(Productos!A16="","",Productos!F16) | G16: =IF(A16="","",SUMIF('Compras Entradas'!$C$5:$C$504,A16,'Compras Entradas'!$E$5:$E$504)) | H16: =IF(A16="","",SUMIF('Ventas Salidas'!$C$5:$C$504,A16,'Ventas Salidas'!$E$5:$E$504)) | I16: =IF(A16="","",F16+G16-H16) | J16: =IF(A16="","",IF(I16<=0,"Sin stock",IF(I16<E16,"Bajo stock","OK"))) | K16: =IF(A16="","",IF(I16<=0,"Comprar urgente",IF(I16<E16,"Reponer pronto","Stock suficiente"))) | M16: =IF(A16="","",IF(OR(J16="Bajo stock",J16="Sin stock"),COUNTIFS($J$5:$J16,"Bajo stock")+COUNTIFS($J$5:$J16,"Sin stock"),""))
... A504: =IF(Productos!A504="","",Productos!A504) | B504: =IF(Productos!A504="","",Productos!B504) | C504: =IF(Productos!A504="","",Productos!C504) | D504: =IF(Productos!A504="","",Productos!D504) | E504: =IF(Productos!A504="","",Productos!E504) | F504: =IF(Productos!A504="","",Productos!F504) | G504: =IF(A504="","",SUMIF('Compras Entradas'!$C$5:$C$504,A504,'Compras Entradas'!$E$5:$E$504)) | H504: =IF(A504="","",SUMIF('Ventas Salidas'!$C$5:$C$504,A504,'Ventas Salidas'!$E$5:$E$504)) | I504: =IF(A504="","",F504+G504-H504) | J504: =IF(A504="","",IF(I504<=0,"Sin stock",IF(I504<E504,"Bajo stock","OK"))) | K504: =IF(A504="","",IF(I504<=0,"Comprar urgente",IF(I504<E504,"Reponer pronto","Stock suficiente"))) | M504: =IF(A504="","",IF(OR(J504="Bajo stock",J504="Sin stock"),COUNTIFS($J$5:$J504,"Bajo stock")+COUNTIFS($J$5:$J504,"Sin stock"),""))
